{
  "households": [
    {
      "id": "f7cf9237-b691-4c85-a514-96a8addb0501",
      "owner_email": "okhatib@torontomu.ca",
      "email_verified_at": "2025-08-13 20:30:46.711936+00:00",
      "household_code": null,
      "created_at": "4EHFP"
    },
    {
      "id": "65c0e158-4d5d-4a03-b308-4b0d50852de1",
      "owner_email": "selena.sc30@icloud.com",
      "email_verified_at": "2025-08-13 20:34:57.902194+00:00",
      "household_code": null,
      "created_at": "EWAQC"
    },
    {
      "id": "a3b731fd-0b51-46c9-8bd7-7d3613245d3e",
      "owner_email": "aysnakesun@hotmail.com",
      "email_verified_at": "2025-08-14 02:22:03.294187+00:00",
      "household_code": null,
      "created_at": "KXZ5U"
    },
    {
      "id": "bf92378f-8583-461b-9a92-67033ddeaaf7",
      "owner_email": "jaydenrjoseph@gmail.com",
      "email_verified_at": "2025-08-14 20:18:30.122019+00:00",
      "household_code": null,
      "created_at": "JSCUU"
    },
    {
      "id": "2914959b-1854-4d3b-91cd-286417393bd2",
      "owner_email": "ramzikhatib07@gmail.com",
      "email_verified_at": "2025-08-14 20:20:46.460995+00:00",
      "household_code": null,
      "created_at": "KU7XK"
    }
  ],
  "members": [
    {
      "id": "15f1d864-7608-4f28-9514-2816afda5411",
      "email": "okhatib@torontomu.ca",
      "name": "Omar Khatib",
      "barcode": "283534722024",
      "active": true,
      "deleted_at": null,
      "created_at": "2025-08-13 20:30:47.622239+00:00",
      "household_id": "f7cf9237-b691-4c85-a514-96a8addb0501"
    },
    {
      "id": "5ef121ba-846a-47c0-b8c2-9edd9b33bcbf",
      "email": "aysnakesun@hotmail.com",
      "name": "R\u00fcya Ergin",
      "barcode": "276260133119",
      "active": true,
      "deleted_at": null,
      "created_at": "2025-08-14 02:22:04.252798+00:00",
      "household_id": "a3b731fd-0b51-46c9-8bd7-7d3613245d3e"
    },
    {
      "id": "a57d5dd9-0252-4365-8204-05c381a754e4",
      "email": "selena.sc30@icloud.com",
      "name": "Selena Campos",
      "barcode": "649919295843",
      "active": true,
      "deleted_at": null,
      "created_at": "2025-08-13 20:34:58.916558+00:00",
      "household_id": "65c0e158-4d5d-4a03-b308-4b0d50852de1"
    },
    {
      "id": "af66fd0e-085c-4325-acd9-d1996ae952b2",
      "email": "jaydenrjoseph@gmail.com",
      "name": "Jayden Joseph",
      "barcode": "941308658279",
      "active": true,
      "deleted_at": null,
      "created_at": "2025-08-14 20:18:31.072950+00:00",
      "household_id": "bf92378f-8583-461b-9a92-67033ddeaaf7"
    },
    {
      "id": "c1e57842-b3b2-4fe7-a652-3aefecae544d",
      "email": "ramzikhatib07@gmail.com",
      "name": "Ramzi Khatib",
      "barcode": "535501350589",
      "active": true,
      "deleted_at": null,
      "created_at": "2025-08-14 20:20:47.535564+00:00",
      "household_id": "2914959b-1854-4d3b-91cd-286417393bd2"
    }
  ],
  "checkins": [
    {
      "id": "c44bc03b-5e59-4e1a-af9b-84d5fc18ec03",
      "member_id": "a57d5dd9-0252-4365-8204-05c381a754e4",
      "timestamp": "2025-08-13 20:36:36.016000+00:00"
    },
    {
      "id": "a34c38ec-18cb-4094-913a-1550c72542c8",
      "member_id": "15f1d864-7608-4f28-9514-2816afda5411",
      "timestamp": "2025-08-14 19:22:23.301390+00:00"
    },
    {
      "id": "b3d56036-3bd1-4658-9618-5e91fccfb6a8",
      "member_id": "af66fd0e-085c-4325-acd9-d1996ae952b2",
      "timestamp": "2025-08-14 20:25:51.389461+00:00"
    },
    {
      "id": "99b480e5-9b89-4f5c-a23f-823c74b2dec6",
      "member_id": "a57d5dd9-0252-4365-8204-05c381a754e4",
      "timestamp": "2025-08-14 20:26:00.583297+00:00"
    },
    {
      "id": "a0dbacdd-c54b-43f9-adef-f9abb0bc0cd8",
      "member_id": "c1e57842-b3b2-4fe7-a652-3aefecae544d",
      "timestamp": "2025-08-14 20:26:02.431559+00:00"
    },
    {
      "id": "85f050f4-a02e-4f5c-a12e-36c92208141b",
      "member_id": "5ef121ba-846a-47c0-b8c2-9edd9b33bcbf",
      "timestamp": "2025-08-14 22:36:30.977209+00:00"
    }
  ]
}